APP14989,Apple iPhone 11 LCD Display + Touchscreen - Premium Quality - Black,02-2G-4-2
APP8477,Apple iPhone X LCD Display + Touchscreen - Premium Quality - Black,02-2G-5-3
APP13449,Apple iPhone 11 LCD Display + Touchscreen - Refurbished (Universal Version) - Black,02-2G-4-3
APP4421,Apple iPhone 7 LCD Display + Touchscreen - High Quality - Black,02-2L-4-3
APP12101,Apple iPhone XR LCD Display + Touchscreen - Premium Quality - Black,02-2G-4-4
APP6724,Apple iPhone 8/iPhone SE (2020)/iPhone SE (2022) LCD Display + Touchscreen - Premium Quality - Black,02-2L-4-2
APP7176,Apple iPhone 8/iPhone SE (2020)/iPhone SE (2022) LCD Display + Touchscreen - Refurbished Quality - Black,02-2G-5-2
APP2532,Apple iPhone 6G LCD Display + Touchscreen - Refurbished Quality - White,02-2J-5-29
APP10843,Apple iPhone XS LCD Display + Touchscreen - Premium Quality - Black,02-2L-3-3
APP5371,Apple iPhone 7 LCD Display + Touchscreen - Premium Quality - Black,02-2L-5-3
APP4419,Apple iPhone 7 LCD Display + Touchscreen - Refurbished Quality - Black,02-2O-7-4
APP7111,Apple iPhone 8/iPhone SE (2020) LCD Display + Touchscreen - High Quality - Black,02-2G-5-4
APP11756,Apple iPhone XR LCD Display + Touchscreen - Refurbished Quality (Universal Version) - Black,02-2L-7-3
APP7189,Apple iPhone X LCD Display + Touchscreen - Refurbished Quality - Black,02-2L-1-3
APP16205,Apple iPhone 11 Pro LCD Display + Touchscreen - Premium Quality - Black,02-2L-15-3
APP20326,Apple iPhone 11 LCD Display + Touchscreen - High Quality - Black,02-2L-5-2
APP17422,Apple iPhone 12 / iPhone 12 Pro LCD Display + Touchscreen - Premium Quality - Black,02-2L-5-2
APP2544,Apple iPhone 5S / iPhone SE LCD Display + Touchscreen - Refurbished Quality - White,02-2J-3-27
APP12952,Apple iPhone XS Max LCD Display + Touchscreen - Premium Quality - Black,02-2L-3-4
APP2525,Apple iPhone 6S LCD Display + Touchscreen - Refurbished Quality - Black,02-2H-1-42
APP2526,Apple iPhone 6S LCD Display + Touchscreen - Refurbished Quality - White,02-2H-3-25
APP4420,Apple iPhone 7 LCD Display + Touchscreen - Refurbished Quality - White,02-2H-3-18
APP15723,Apple iPhone 11 Pro Max LCD Display + Touchscreen - Premium Quality - Black,02-2M-3-3
APP2562,Apple iPhone 4S LCD Display + Touchscreen - High Quality - Black,02-2O-4-4
APP5373,Apple iPhone 7 LCD Display + Touchscreen - Premium Quality - White,02-2L-8-2